,passedReads,fullySeqenced,unaligned2host,unalignedProportion,predictedGenes,keggModulesCompleted,genesPerRead
phase1control,310832,310832,17032,0.05479487311473722,33467,12,1.9649483325504933
phase2deplete,587477,312189,30792,0.09863255912283905,67985,48,2.2078786697843595
phase3enrich,3283905,341025,110428,0.3238120372406715,156852,32,1.420400623030391
